year, month, day, latitude, longitude, temperature, wind_speed, wind_direction
2007, 01, 01, -0.57, 17.24, 23, 1, 300
2007, 01, 08, -0.57, 17.24, 25, 1, 210
2007, 01, 15, -0.57, 17.24, 25, 1, 320
2007, 01, 22, -0.57, 17.24, 26, 2, 290
2007, 01, 29, -0.57, 17.24, 27, 1, 155
2007, 02, 05, -0.57, 17.24, 26, 1, 270
2007, 02, 12, -0.57, 17.24, 25, 1, 200
2007, 02, 19, -0.57, 17.24, 26, 1, 160
2007, 02, 26, -0.57, 17.24, 24, 1, 30
2007, 03, 05, -0.57, 17.24, 26, 1, 180
2007, 03, 06, -0.55, 17.29, 26, 3, 140
2007, 03, 07, -0.33, 17.37, 24, 3, 220
2007, 03, 08, 2.90, 18.15, 24, 3, 250
2007, 03, 09, 7.20, 20.90, 27, 4, 270
2007, 03, 10, 10.55, 21.33, 26, 3, 115
2007, 03, 11, 12.25, 22.10, 23, 3, 100
2007, 03, 12, 15.17, 22.15, 23, 5, 25
2007, 03, 13, 15.58, 21.54, 25, 6, 35
2007, 03, 14, 17.26, 20.55, 24, 7, 60
2007, 03, 15, 19.59, 18.52, 11, 5, 100
2007, 03, 16, 21.53, 18.49, 9, 3, 300
2007, 03, 17, 26.11, 17.70, 14, 5, 320
2007, 03, 18, 30.17, 17.41, 13, 3, 90
2007, 03, 19, 31.59, 21.51, 11, 4, 180
2007, 03, 20, 35.29, 22.36, 18, 12, 275
2007, 03, 21, 37.24, 23.39, 15, 5, 250
2007, 03, 22, 41.26, 24.56, 8, 8, 290
2007, 03, 23, 44.34, 25.45, 8, 3, 30
2007, 03, 24, 46.31, 26.43, 3, 4, 135
2007, 03, 25, 47.22, 27.26, 5, 2, 45
2007, 03, 26, 47.22, 27.20, 2, 2, 175
2007, 03, 27, 47.22, 27.20, 7, 4, 320
2007, 03, 28, 48.31, 26.54, 1, 2, 30
2007, 03, 29, 50.49, 26.20, 1, 2, 305
2007, 03, 30, 53.46, 25.32, 4, 1, 50
2007, 03, 31, 55.18, 26.12, 2, 2, 85
2007, 04, 01, 57.25, 27.28, 1, 3, 175
2007, 04, 02, 59.20, 27.47, 3, 4, 280
2007, 04, 09, 59.20, 27.47, -3, 2, 295
2007, 04, 16, 59.20, 27.47, 6, 5, 215
2007, 04, 23, 59.20, 27.47, 4, 4, 270
2007, 04, 30, 59.20, 27.47, 1, 6, 70
2007, 05, 07, 59.20, 27.47, 8, 4, 200
2007, 05, 14, 59.20, 27.47, 13, 6, 275
2007, 05, 21, 59.20, 27.47, 13, 3, 270
2007, 05, 28, 59.20, 27.47, 20, 3, 300
2007, 06, 04, 59.20, 27.47, 12, 2, 120
2007, 06, 11, 59.20, 27.47, 14, 4, 260
2007, 06, 18, 59.20, 27.47, 13, 5, 150
2007, 06, 25, 59.20, 27.47, 14, 7, 200
2007, 07, 02, 59.20, 27.47, 13, 2, 140
2007, 07, 09, 59.20, 27.47, 15, 6, 180
2007, 07, 16, 59.20, 27.47, 15, 4, 150
2007, 07, 23, 59.20, 27.47, 16, 4, 290
2007, 07, 30, 59.20, 27.47, 14, 9, 250
2007, 08, 06, 59.20, 27.47, 17, 3, 70
2007, 08, 13, 57.56, 28.37, 18, 2, 340
2007, 08, 14, 55.56, 28.29, 19, 2, 70
2007, 08, 15, 52.32, 28.31, 18, 4, 140
2007, 08, 16, 49.36, 28.52, 17, 1, 175
2007, 08, 17, 46.13, 28.00, 19, 2, 105
2007, 08, 18, 43.51, 27.35, 17, 1, 30
2007, 08, 19, 43.34, 27.31, 19, 2, 125
2007, 08, 20, 43.34, 27.31, 20, 2, 270
2007, 08, 21, 43.18, 27.29, 21, 1, 210
2007, 08, 22, 42.28, 26.52, 21, 1, 115
2007, 08, 23, 41.47, 26.15, 22, 2, 105
2007, 08, 24, 34.40, 25.16, 27, 5, 95
2007, 08, 25, 29.36, 24.37, 25, 2, 80
2007, 08, 26, 25.52, 23.53, 28, 3, 25
2007, 08, 27, 22.20, 22.40, 29, 5, 60
2007, 08, 28, 18.40, 22.40, 27, 4, 85
2007, 08, 29, 15.42, 21.47, 24, 3, 265
2007, 08, 30, 13.43, 21.10, 24, 3, 250
2007, 08, 31, 12.38, 20.45, 23, 4, 275
2007, 09, 01, 11.19, 20.59, 22, 2, 200
2007, 09, 02, 9.25, 20.43, 22, 2, 200
2007, 09, 03, 8.13, 20.21, 23, 1, 220
2007, 09, 04, 7.80, 20.20, 22, 2, 220
2007, 09, 05, 4.35, 20.16, 22, 1, 90
2007, 09, 06, 3.32, 20.80, 23, 2, 185
2007, 09, 07, 2.26, 19.38, 21, 0, 0
2007, 09, 08, 1.29, 19.11, 22, 1, 180
2007, 09, 09, 0.37, 19.30, 22, 1, 180
2007, 09, 10, -0.55, 17.24, 23, 1, 290
2007, 09, 17, -0.55, 17.24, 25, 0, 0
2007, 09, 24, -0.55, 17.24, 25, 1, 340
2007, 10, 01, -0.55, 17.24, 25, 1, 320
2007, 10, 08, -0.55, 17.24, 22, 1, 155
2007, 10, 15, -0.55, 17.24, 22, 1, 210
2007, 10, 22, -0.55, 17.24, 23, 1, 35
2007, 10, 29, -0.55, 17.24, 23, 1, 300
2007, 11, 05, -0.55, 17.24, 23, 1, 175
2007, 11, 12, -0.55, 17.24, 23, 1, 150
2007, 11, 19, -0.55, 17.24, 24, 1, 115
2007, 11, 26, -0.55, 17.24, 24, 1, 180
2007, 12, 03, -0.55, 17.24, 22, 1, 290
2007, 12, 10, -0.55, 17.24, 23, 1, 235
2007, 12, 17, -0.55, 17.24, 23, 2, 215
2007, 12, 24, -0.55, 17.24, 24, 1, 270
2007, 12, 31, -0.55, 17.24, 24, 1, 275
2008, 01, 01, -0.55, 17.24, 23, 2, 175
2008, 01, 08, -0.55, 17.24, 23, 1, 220
2008, 01, 15, -0.55, 17.24, 22, 1, 345
2008, 01, 22, -0.55, 17.24, 23, 1, 150
2008, 01, 29, -0.55, 17.24, 22, 2, 220
2008, 02, 05, -0.55, 17.24, 23, 2, 300
2008, 02, 12, -0.55, 17.24, 23, 3, 320
2008, 02, 19, -0.55, 17.24, 23, 2, 275
2008, 02, 26, -0.55, 17.24, 22, 1, 255
2008, 03, 04, -0.55, 17.24, 26, 2, 0
2008, 03, 11, -0.55, 17.24, 23, 3, 320
2008, 03, 14, -0.55, 17.24, 24, 2, 320
2008, 03, 15, 0.80, 18.18, 23, 1, 180
2008, 03, 16, 3.10, 18.28, 22, 2, 150
2008, 03, 17, 5.23, 20.51, 24, 3, 270
2008, 03, 18, 8.47, 21.48, 25, 3, 270
2008, 03, 19, 12.32, 22.27, 23, 4, 55
2008, 03, 20, 13.35, 23.33, 20, 4, 35
2008, 03, 21, 15.45, 22.51, 15, 4, 30
2008, 03, 22, 19.70, 22.10, 15, 3, 20
2008, 03, 23, 22.44, 22.47, 15, 3, 330
2008, 03, 24, 25.29, 23.58, 20, 4, 160
2008, 03, 25, 28.22, 24.50, 13, 4, 115
2008, 03, 26, 31.42, 24.48, 12, 3, 320
2008, 03, 27, 34.48, 25.23, 15, 6, 315
2008, 03, 28, 37.54, 25.55, 14, 8, 15
2008, 03, 29, 40.50, 26.14, 8, 4, 80
2008, 03, 30, 41.50, 25.58, 6, 3, 175
2008, 03, 31, 43.11, 25.41, 6, 1, 210
2008, 04, 01, 43.27, 25.39, 5, 2, 310
2008, 04, 02, 44.47, 26.37, 8, 0, 0
2008, 04, 03, 45.80, 27.30, 10, 2, 140
2008, 04, 04, 45.12, 27.13, 10, 2, 190
2008, 04, 05, 46.30, 28.80, 7, 3, 300
2008, 04, 06, 47.24, 27.20, 8, 2, 30
2008, 04, 07, 47.20, 27.90, 6, 3, 260
2008, 04, 08, 49.32, 27.35, 8, 2, 5
2008, 04, 09, 51.38, 28.14, 11, 5, 280
2008, 04, 10, 55.36, 26.56, 10, 4, 210
2008, 04, 11, 55.53, 27.12, 6, 5, 10
2008, 04, 12, 55.53, 27.12, 10, 4, 310
2008, 04, 13, 56.10, 27.22, 3, 8, 150
2008, 04, 14, 56.10, 27.22, 4, 3, 300
2008, 04, 15, 57.15, 27.70, 5, 3, 0
2008, 04, 16, 57.15, 27.70, 4, 4, 30
2008, 04, 17, 57.10, 27.42, 3, 3, 0
2008, 04, 18, 58.39, 27.46, 3, 1, 170
2008, 04, 19, 59.11, 27.55, 0, 3, 15
2008, 04, 22, 59.11, 27.55, -1, 1, 140
2008, 04, 29, 59.11, 27.55, 9, 3, 330
2008, 05, 06, 59.11, 27.55, 4, 4, 210
2008, 05, 13, 59.11, 27.55, 3, 4, 110
2008, 05, 20, 59.11, 27.55, 5, 1, 175
2008, 05, 27, 59.11, 27.55, 7, 5, 100
2008, 06, 03, 59.11, 27.55, 9, 4, 65
2008, 06, 10, 59.11, 27.55, 13, 6, 210
2008, 06, 17, 59.11, 27.55, 11, 6, 220
2008, 06, 24, 56.55, 28.42, 15, 2, 180
2008, 07, 01, 59.11, 27.55, 14, 2, 150
2008, 07, 08, 59.11, 27.55, 13, 2, 205
2008, 07, 15, 59.11, 27.55, 15, 5, 230
2008, 07, 22, 59.11, 27.55, 15, 5, 225
2008, 07, 23, 59.11, 27.55, 14, 1, 115
2008, 07, 24, 55.53, 27.12, 15, 3, 60
2008, 07, 25, 54.13, 27.10, 16, 4, 50
2008, 07, 26, 52.24, 27.30, 16, 4, 70
2008, 07, 27, 52.10, 27.17, 14, 2, 140
2008, 07, 28, 52.10, 27.17, 12, 2, 75
2008, 07, 29, 52.10, 27.17, 10, 1, 55
2008, 07, 30, 52.10, 27.17, 12, 2, 95
2008, 07, 31, 52.16, 27.16, 14, 2, 245
2008, 08, 01, 52.16, 27.16, 14, 2, 280
2008, 08, 02, 52.17, 27.23, 18, 4, 220
2008, 08, 03, 52.17, 27.23, 16, 3, 220
2008, 08, 04, 52.17, 27.26, 16, 5, 185
2008, 08, 05, 52.16, 27.16, 14, 2, 280
2008, 08, 06, 52.16, 27.16, 11, 3, 120
2008, 08, 07, 52.16, 27.28, 12, 4, 280
2008, 08, 08, 52.16, 27.28, 17, 4, 255
2008, 08, 12, 52.16, 27.28, 8, 4, 280
2008, 08, 19, 52.16, 27.28, 14, 2, 250
2008, 08, 22, 52.16, 27.28, 17, 1, 90
2008, 08, 23, 51.38, 27.33, 17, 2, 60
2008, 08, 24, 49.48, 27.45, 11, 4, 170
2008, 08, 25, 47.53, 27.57, 14, 2, 160
2008, 08, 26, 45.52, 28.60, 19, 2, 80
2008, 08, 27, 42.51, 26.39, 17, 1, 0
2008, 08, 28, 39.59, 26.56, 19, 3, 65
2008, 08, 29, 36.35, 27.58, 25, 8, 150
2008, 08, 30, 28.50, 28.44, 23, 3, 95
2008, 08, 31, 25.32, 27.26, 23, 2, 90
2008, 09, 01, 19.59, 24.90, 24, 5, 50
2008, 09, 02, 16.41, 22.60, 26, 3, 270
2008, 09, 03, 14.10, 20.47, 22, 1, 10
2008, 09, 04, 12.27, 20.31, 24, 3, 220
2008, 09, 05, 11.50, 20.25, 22, 3, 220
2008, 09, 06, 9.20, 20.11, 22, 2, 225
2008, 09, 07, 7.31, 19.46, 23, 2, 290
2008, 09, 08, 6.18, 19.33, 22, 2, 275
2008, 09, 09, 4.55, 19.12, 22, 1, 145
2008, 09, 10, 3.11, 19.70, 23, 2, 200
2008, 09, 11, 1.40, 18.49, 22, 1, 300
2008, 09, 12, 0.20, 18.30, 23, 2, 320
2008, 09, 13, 0.33, 17.53, 25, 2, 160
2008, 09, 14, -0.53, 17.30, 23, 1, 200
2008, 09, 23, -0.53, 17.30, 22, 1, 180
2008, 09, 30, -0.53, 17.30, 23, 2, 145
2008, 10, 07, -0.53, 17.30, 23, 2, 115
2008, 10, 14, -0.53, 17.30, 23, 2, 180
2008, 10, 21, -0.53, 17.30, 21, 2, 160
2008, 10, 28, -0.53, 17.30, 24, 1, 90
2008, 11, 04, -0.53, 17.30, 23, 1, 145
2008, 11, 11, -0.53, 17.30, 23, 2, 210
2008, 11, 18, -0.53, 17.30, 23, 1, 0
2008, 11, 25, -0.53, 17.30, 23, 2, 275
2008, 12, 02, -0.53, 17.30, 23, 1, 0
2008, 12, 09, -0.53, 17.30, 25, 1, 335
2008, 12, 16, -0.53, 17.30, 24, 1, 180
2008, 12, 23, -0.53, 17.30, 24, 1, 280
2008, 12, 30, -0.53, 17.30, 24, 1, 250
2008, 12, 31, -0.53, 17.30, 24, 1, 270
2009, 01, 01, -0.53, 17.30, 23, 2, 170
2009, 01, 08, -0.53, 17.30, 23, 1, 230
2009, 01, 15, -0.53, 17.30, 22, 1, 350
2009, 01, 22, -0.53, 17.30, 23, 1, 180
2009, 01, 29, -0.53, 17.30, 22, 2, 340
2009, 02, 05, -0.53, 17.30, 23, 2, 310
2009, 02, 12, -0.53, 17.30, 23, 3, 330
2009, 02, 19, -0.53, 17.30, 23, 2, 260
2009, 02, 26, -0.53, 17.30, 22, 1, 250
2009, 03, 04, -0.53, 17.30, 26, 2, 25
2009, 03, 10, -0.53, 17.30, 23, 2, 170
2009, 03, 11, 0.70, 17.55, 22, 3, 205
2009, 03, 12, 0.57, 18.13, 22, 1, 290
2009, 03, 13, 1.44, 18.35, 23, 1, 200
2009, 03, 14, 2.31, 18.33, 23, 1, 230
2009, 03, 15, 3.39, 19.15, 23, 3, 230
2009, 03, 16, 4.34, 19.29, 22, 2, 230
2009, 03, 17, 7.16, 19.42, 26, 3, 265
2009, 03, 18, 7.42, 19.45, 26, 3, 250
2009, 03, 19, 9.28, 20.50, 25, 3, 240
2009, 03, 20, 11.80, 20.29, 24, 2, 330
2009, 03, 21, 12.49, 21.13, 22, 2, 30
2009, 03, 22, 14.55, 21.48, 20, 3, 30
2009, 03, 23, 19.23, 24.24, 15, 3, 45
2009, 03, 24, 23.19, 25.30, 14, 2, 15
2009, 03, 25, 26.57, 26.40, 14, 4, 100
2009, 03, 26, 29.36, 27.23, 14, 3, 340
2009, 03, 27, 33.24, 27.58, 16, 9, 325
2009, 03, 28, 36.44, 27.40, 14, 8, 330
2009, 03, 29, 40.12, 26.57, 4, 2, 90
2009, 03, 30, 44.80, 28.14, 6, 3, 95
2009, 03, 31, 46.34, 28.55, 5, 4, 115
2009, 04, 01, 49.51, 27.41, 5, 1, 0
2009, 04, 02, 52.42, 26.50, 8, 1, 90
2009, 04, 03, 52.51, 26.35, 8, 4, 110
2009, 04, 04, 52.47, 26.26, 6, 2, 110
2009, 04, 05, 52.47, 26.26, 9, 3, 300
2009, 04, 06, 53.22, 26.19, 9, 4, 305
2009, 04, 07, 53.31, 26.59, 8, 5, 280
2009, 04, 08, 54.30, 26.40, 4, 7, 220
2009, 04, 09, 53.31, 26.59, 8, 5, 280
2009, 04, 10, 55.30, 26.80, 7, 3, 180
2009, 04, 11, 56.49, 27.36, 3, 4, 20
2009, 04, 12, 58.49, 27.52, 5, 6, 345
2009, 04, 15, 58.49, 27.52, 3, 4, 345
2009, 04, 22, 58.49, 27.52, -1, 2, 75
2009, 04, 29, 58.49, 27.52, 9, 3, 0
2009, 05, 06, 58.49, 27.52, 5, 4, 200
2009, 05, 13, 58.49, 27.52, 3, 5, 100
2009, 05, 20, 58.49, 27.52, 5, 3, 240
2009, 05, 27, 58.49, 27.52, 10, 5, 210
2009, 06, 03, 58.49, 27.52, 10, 4, 45
2009, 06, 10, 58.49, 27.52, 3, 5, 100
2009, 06, 17, 59.14, 28.20, 9, 6, 170
2009, 06, 24, 59.33, 28.22, 15, 3, 30
2009, 07, 01, 59.33, 28.22, 15, 3, 180
2009, 07, 01, 59.33, 28.22, 15, 3, 180
2009, 07, 08, 59.33, 28.22, 17, 6, 320
2009, 07, 15, 59.33, 28.22, 15, 1, 200
2009, 07, 22, 59.33, 28.22, 13, 2, 215
2009, 07, 29, 59.33, 28.22, 14, 3, 190
2009, 08, 05, 59.33, 28.22, 12, 1, 20
2009, 08, 12, 59.33, 28.22, 14, 3, 230
2009, 08, 13, 60.00, 29.45, 19, 1, 0
2009, 08, 14, 59.22, 30.34, 11, 4, 165
2009, 08, 15, 57.90, 30.24, 9, 4, 200
2009, 08, 16, 54.52, 30.21, 16, 5, 230
2009, 08, 17, 53.29, 29.43, 17, 3, 275
2009, 08, 18, 53.15, 29.80, 12, 5, 180
2009, 08, 19, 52.15, 28.55, 11, 4, 135
2009, 08, 20, 49.19, 28.29, 8, 1, 145
2009, 08, 21, 46.10, 27.51, 15, 1, 110
2009, 08, 22, 42.55, 27.00, 17, 1, 180
2009, 08, 23, 42.60, 27.00, 17, 2, 75
2009, 08, 24, 41.16, 27.13, 19, 2, 75
2009, 08, 25, 40.20, 27.33, 20, 3, 45
2009, 08, 26, 39.21, 27.37, 18, 3, 85
2009, 08, 27, 38.34, 28.00, 21, 1, 10
2009, 08, 28, 38.34, 28.00, 19, 1, 350
2009, 09, 05, 38.34, 28.00, 21, 1, 290
2009, 09, 06, 36.42, 29.20, 18, 1, 0
2009, 09, 07, 30.23, 31.57, 24, 2, 235
2009, 09, 08, 30.40, 32.80, 23, 1, 350
2009, 09, 09, 30.28, 31.54, 23, 2, 80
2009, 09, 10, 30.21, 31.44, 21, 2, 335
2009, 09, 11, 30.30, 31.45, 26, 5, 230
2009, 09, 12, 30.21, 31.44, 23, 2, 190
2009, 09, 13, 29.17, 31.51, 20, 3, 50
2009, 09, 14, 26.44, 32.90, 23, 4, 70
2009, 09, 15, 24.14, 32.16, 27, 5, 90
2009, 09, 16, 21.10, 32.50, 30, 6, 90
2009, 09, 17, 17.47, 33.80, 28, 4, 195
2009, 09, 18, 14.49, 33.52, 26, 3, 210
2009, 09, 19, 12.59, 34.53, 26, 4, 245
2009, 09, 20, 11.48, 34.22, 26, 3, 245
2009, 09, 21, 11.48, 34.22, 25, 3, 230
2009, 09, 26, 11.48, 34.22, 25, 2, 290
2009, 10, 03, 11.48, 34.22, 26, 3, 250
2009, 10, 10, 11.48, 34.22, 23, 3, 220
2009, 10, 17, 11.48, 34.22, 25, 3, 240
2009, 10, 24, 11.48, 34.22, 26, 2, 160
2009, 10, 31, 11.48, 34.22, 25, 2, 240
2009, 11, 07, 11.48, 34.22, 25, 3, 225
2009, 11, 14, 11.48, 34.22, 22, 2, 140
2009, 11, 21, 11.48, 34.22, 24, 2, 125
2009, 11, 28, 11.48, 34.22, 18, 2, 110
2009, 12, 05, 11.48, 34.22, 23, 2, 120
2009, 12, 12, 11.48, 34.22, 17, 2, 90
2009, 12, 19, 11.48, 34.22, 21, 2, 110
2009, 12, 26, 11.48, 34.22, 19, 2, 135
2009, 12, 31, 11.48, 34.22, 15, 2, 80
2010, 01, 01, 11.42, 34.24, 24, 1, 90
2010, 01, 08, 11.42, 34.24, 25, 1, 285
2010, 01, 15, 11.42, 34.24, 25, 2, 250
2010, 01, 22, 11.42, 34.24, 24, 1, 95
2010, 01, 29, 11.42, 34.24, 26, 2, 275
2010, 02, 05, 11.42, 34.24, 26, 2, 225
2010, 02, 12, 11.42, 34.24, 26, 2, 160
2010, 02, 19, 11.42, 34.24, 26, 2, 200
2010, 02, 26, 11.42, 34.24, 24, 1, 310
2010, 03, 02, 13.42, 34.20, 20, 3, 90
2010, 03, 03, 15.53, 34.21, 18, 3, 90
2010, 03, 04, 17.40, 33.42, 22, 4, 80
2010, 03, 05, 19.30, 33.40, 17, 3, 40
2010, 03, 06, 20.29, 32.56, 21, 4, 45
2010, 03, 07, 22.60, 32.20, 24, 5, 330
2010, 03, 08, 26.46, 32.60, 23, 3, 315
2010, 03, 09, 28.54, 31.57, 21, 4, 320
2010, 03, 10, 30.34, 32.80, 23, 5, 295
2010, 03, 11, 30.53, 32.90, 16, 2, 135
2010, 03, 12, 30.53, 32.80, 16, 3, 35
2010, 03, 13, 30.54, 32.90, 21, 6, 285
2010, 03, 14, 30.54, 32.90, 23, 6, 270
2010, 03, 15, 30.54, 32.90, 14, 2, 150
2010, 03, 16, 30.54, 32.90, 12, 2, 120
2010, 03, 17, 30.54, 32.90, 13, 3, 185
2010, 03, 18, 31.41, 31.53, 16, 6, 100
2010, 03, 19, 33.90, 31.21, 16, 6, 75
2010, 03, 20, 34.40, 30.58, 16, 6, 120
2010, 03, 21, 34.51, 30.41, 15, 3, 120
2010, 03, 22, 36.40, 30.25, 16, 2, 135
2010, 03, 23, 36.50, 30.80, 0, 1, 0
2010, 03, 24, 38.24, 29.41, 4, 0, 0
2010, 03, 25, 39.16, 29.21, 4, 1, 95
2010, 03, 26, 40.32, 28.47, 6, 3, 75
2010, 03, 27, 41.80, 28.32, 7, 2, 260
2010, 03, 28, 42.10, 28.12, 7, 10, 130
2010, 03, 29, 43.90, 27.45, 6, 3, 175
2010, 03, 30, 44.14, 27.20, 7, 3, 75
2010, 04, 31, 47.19, 28.11, 9, 2, 300
2010, 04, 01, 48.20, 29.17, 8, 5, 170
2010, 04, 02, 48.38, 29.19, 4, 2, 150
2010, 04, 03, 49.17, 29.20, 5, 2, 135
2010, 04, 04, 51.38, 28.56, 4, 3, 315
2010, 04, 05, 54.11, 28.40, 7, 2, 310
2010, 04, 06, 56.16, 27.56, 6, 2, 130
2010, 04, 07, 56.16, 27.56, 0, 2, 90
2010, 04, 08, 57.48, 28.20, -2, 2, 270
2010, 04, 09, 58.36, 28.50, 3, 2, 315
2010, 04, 16, 58.36, 28.50, 4, 4, 150
2010, 04, 23, 58.36, 28.50, 1, 4, 220
2010, 04, 30, 58.36, 28.50, 14, 5, 210
2010, 05, 07, 58.36, 28.50, 12, 3, 300
2010, 05, 14, 58.36, 28.50, 14, 3, 340
2010, 05, 21, 58.36, 28.50, 13, 1, 90
2010, 05, 28, 58.36, 28.50, 8, 1, 85
2010, 06, 04, 58.36, 28.50, 8, 4, 135
2010, 06, 11, 58.36, 28.50, 19, 5, 265
2010, 06, 18, 58.36, 28.50, 13, 4, 290
2010, 06, 25, 58.36, 28.50, 16, 2, 145
2010, 07, 02, 58.36, 28.50, 13, 2, 75
2010, 07, 09, 58.36, 28.50, 16, 2, 160
2010, 07, 16, 58.36, 28.50, 18, 2, 13
2010, 07, 23, 58.36, 28.50, 20, 2, 165
2010, 07, 30, 58.36, 28.50, 16, 3, 270
2010, 08, 06, 58.36, 28.50, 22, 2, 350
2010, 08, 13, 58.36, 28.50, 20, 3, 320
2010, 08, 14, 57.30, 26.43, 20, 3, 275
2010, 08, 15, 56.26, 27.50, 20, 1, 25
2010, 08, 16, 54.33, 28.40, 21, 2, 280
2010, 08, 17, 53.49, 28.57, 19, 2, 275
2010, 08, 18, 53.10, 29.27, 16, 6, 200
2010, 08, 19, 52.16, 30.00, 16, 7, 190
2010, 08, 20, 51.90, 30.15, 12, 3, 155
2010, 08, 21, 49.56, 25.51, 11, 3, 255
2010, 08, 22, 44.39, 27.36, 15, 2, 50
2010, 08, 23, 42.34, 27.10, 15, 2, 135
2010, 08, 24, 38.47, 28.60, 19, 1, 100
2010, 08, 25, 36.40, 28.55, 27, 3, 65
2010, 08, 26, 31.29, 31.21, 26, 2, 215
2010, 08, 27, 31.10, 31.34, 26, 2, 180
2010, 08, 28, 31.16, 31.30, 25, 2, 210
2010, 08, 29, 31.80, 31.32, 22, 1, 215
2010, 08, 30, 30.59, 31.36, 23, 2, 190
2010, 08, 31, 30.51, 31.38, 25, 2, 195
2010, 09, 01, 30.41, 31.42, 25, 2, 190
2010, 09, 02, 30.33, 31.43, 22, 2, 135
2010, 09, 03, 30.21, 31.46, 23, 3, 135
2010, 09, 04, 30.25, 31.45, 21, 2, 180
2010, 09, 05, 30.25, 31.45, 23, 2, 205
2010, 09, 06, 30.25, 31.45, 24, 2, 300
2010, 09, 07, 30.25, 31.45, 24, 1, 90
2010, 09, 08, 30.25, 31.45, 22, 2, 135
2010, 09, 09, 30.25, 31.45, 23, 1, 135
2010, 09, 10, 30.21, 31.46, 24, 2, 160
2010, 09, 17, 30.21, 31.46, 22, 4, 160
2010, 09, 24, 30.21, 31.46, 24, 2, 90
2010, 09, 25, 30.70, 31.47, 20, 2, 0
2010, 09, 26, 25.59, 32.25, 25, 2, 170
2010, 09, 27, 24.29, 32.14, 28, 3, 100
2010, 09, 28, 21.43, 32.29, 29, 4, 85
2010, 09, 29, 20.10, 32.50, 27, 3, 350
2010, 09, 30, 18.31, 32.52, 29, 4, 345
2010, 10, 01, 16.56, 33.38, 31, 4, 210
2010, 10, 02, 15.29, 34.00, 26, 2, 240
2010, 10, 03, 13.57, 34.36, 25, 2, 260
2010, 10, 04, 13.30, 34.52, 24, 2, 275
2010, 10, 05, 13.30, 34.52, 25, 4, 285
2010, 10, 06, 13.30, 34.52, 24, 2, 280
2010, 10, 07, 13.30, 34.52, 24, 2, 275
2010, 10, 08, 12.53, 35.60, 23, 2, 270
2010, 10, 15, 12.53, 35.60, 24, 3, 230
2010, 10, 22, 12.53, 35.60, 26, 3, 265
2010, 10, 29, 12.53, 35.60, 25, 3, 260
2010, 11, 05, 12.53, 35.60, 25, 1, 180
2010, 11, 12, 12.53, 35.60, 24, 3, 255
2010, 11, 19, 12.53, 35.60, 26, 3, 215
2010, 11, 26, 12.53, 35.60, 24, 2, 85
2010, 12, 03, 12.53, 35.60, 24, 2, 45
2010, 12, 10, 12.53, 35.60, 21, 3, 95
2010, 12, 17, 12.53, 35.60, 23, 2, 50
2010, 12, 24, 12.53, 35.60, 21, 2, 65
2010, 12, 31, 12.53, 35.60, 20, 3, 100
2011, 01, 01, 12.53, 35.60, 21, 1, 50
2011, 01, 08, 12.53, 35.60, 22, 2, 120
2011, 01, 15, 12.53, 35.60, 15, 2, 75
2011, 01, 22, 12.53, 35.60, 21, 2, 60
2011, 01, 29, 12.53, 35.60, 22, 2, 70
2011, 02, 05, 12.53, 35.60, 20, 2, 0
2011, 02, 12, 12.53, 35.60, 18, 2, 80
2011, 02, 19, 12.53, 35.60, 24, 2, 75
2011, 02, 21, 12.57, 34.55, 25, 3, 95
2011, 02, 22, 14.12, 35.47, 26, 2, 70
2011, 02, 23, 14.54, 34.39, 24, 3, 65
2011, 02, 24, 16.14, 35.20, 23, 2, 25
2011, 02, 25, 17.90, 34.33, 24, 7, 100
2011, 02, 26, 18.21, 33.45, 21, 6, 90
2011, 02, 27, 18.37, 33.37, 20, 6, 85
2011, 02, 28, 19.00, 33.34, 18, 6, 80
2011, 03, 01, 19.56, 33.14, 19, 5, 80
2011, 03, 02, 20.42, 33.16, 18, 4, 90
2011, 03, 03, 21.45, 33.28, 15, 3, 80
2011, 03, 04, 23.30, 33.30, 18, 5, 75
2011, 03, 05, 24.25, 32.55, 16, 2, 95
2011, 03, 06, 26.90, 32.53, 18, 1, 135
2011, 03, 07, 29.42, 32.10, 12, 3, 335
2011, 03, 08, 30.33, 31.45, 12, 8, 310
2011, 03, 09, 30.21, 31.45, 7, 7, 310
2011, 03, 16, 30.21, 31.45, 10, 2, 40
2011, 03, 22, 30.21, 31.45, 12, 3, 190
2011, 03, 23, 30.46, 31.41, 12, 4, 320
2011, 03, 24, 33.70, 31.18, 16, 8, 115
2011, 03, 25, 35.22, 30.47, 16, 4, 320
2011, 03, 26, 37.27, 30.60, 1, 1, 260
2011, 03, 27, 39.44, 29.30, 5, 1, 270
2011, 03, 28, 41.50, 28.54, 8, 5, 250
2011, 03, 29, 43.43, 28.20, 7, 4, 80
2011, 03, 30, 46.50, 27.53, 3, 2, 45
2011, 04, 01, 49.28, 29.19, 7, 4, 270
2011, 04, 02, 49.28, 29.19, 2, 3, 5
2011, 04, 05, 49.28, 29.19, 6, 3, 135
2011, 04, 06, 50.37, 29.25, 9, 6, 170
2011, 04, 07, 51.55, 29.27, 5, 8, 150
2011, 04, 08, 52.49, 29.22, 3, 6, 135
2011, 04, 09, 53.53, 29.11, 2, 7, 130
2011, 04, 10, 55.45, 28.16, 1, 4, 120
2011, 04, 11, 57.50, 28.50, -2, 1, 90
2011, 04, 12, 58.43, 28.90, -3, 2, 50
2011, 04, 13, 59.19, 28.25, -1, 1, 0
2011, 04, 14, 59.56, 29.22, -3, 4, 180
2011, 04, 16, 59.56, 29.22, 2, 6, 215
2011, 04, 23, 59.56, 29.22, 1, 4, 215
2011, 04, 30, 59.56, 29.22, 1, 6, 70
2011, 05, 07, 59.56, 29.22, 4, 2, 70
2011, 05, 14, 59.56, 29.22, 7, 4, 325
2011, 05, 21, 59.56, 29.22, 8, 4, 180
2011, 05, 28, 59.56, 29.22, 10, 4, 250
2011, 06, 04, 59.56, 29.22, 13, 4, 175
2011, 06, 11, 59.56, 29.22, 15, 1, 0
2011, 06, 18, 59.56, 29.22, 13, 3, 260
2011, 06, 25, 59.56, 29.22, 14, 4, 130
2011, 07, 02, 59.56, 29.22, 19, 4, 255
2011, 07, 09, 59.56, 29.22, 19, 1, 0
2011, 07, 16, 59.56, 29.22, 17, 3, 235
2011, 07, 23, 59.56, 29.22, 20, 4, 280
2011, 07, 30, 59.56, 29.22, 18, 4, 55
2011, 08, 06, 59.56, 29.22, 17, 7, 235
2011, 08, 10, 59.56, 29.22, 14, 5, 255
2011, 08, 11, 59.33, 29.40, 8, 3, 260
2011, 08, 12, 60.20, 30.11, 14, 4, 15
2011, 08, 16, 60.20, 30.11, 17, 1, 0
2011, 08, 17, 59.48, 29.53, 16, 2, 175
2011, 08, 18, 59.10, 29.22, 12, 2, 220
2011, 08, 19, 58.00, 28.49, 15, 5, 335
2011, 08, 20, 57.80, 28.20, 13, 2, 120
2011, 08, 21, 56.10, 27.43, 14, 1, 135
2011, 08, 22, 53.54, 28.34, 16, 3, 200
2011, 08, 23, 50.44, 29.48, 13, 4, 125
2011, 08, 24, 50.10, 29.25, 13, 1, 15
2011, 08, 25, 49.46, 29.18, 11, 2, 0
2011, 08, 26, 49.33, 29.10, 14, 4, 305
2011, 08, 27, 49.33, 29.10, 11, 2, 285
2011, 08, 28, 49.33, 29.10, 10, 2, 270
2011, 08, 29, 47.59, 28.45, 11, 2, 0
2011, 08, 30, 46.26, 28.23, 16, 3, 125
2011, 08, 31, 44.10, 24.59, 17, 2, 120
2011, 09, 01, 38.30, 27.55, 19, 1, 45
2011, 09, 02, 31.42, 32.20, 26, 4, 180
2011, 09, 03, 30.21, 31.43, 22, 2, 180
2011, 09, 04, 30.22, 31.42, 24, 1, 150
2011, 09, 05, 30.21, 31.43, 23, 3, 295
2011, 09, 12, 30.21, 31.43, 22, 1, 175
2011, 09, 19, 30.21, 31.43, 21, 1, 230
2011, 09, 26, 30.21, 31.43, 21, 1, 110
2011, 09, 29, 30.21, 31.43, 22, 2, 300
2011, 09, 30, 28.41, 31.53, 19, 3, 0
2011, 10, 01, 26.60, 32.42, 23, 1, 100
2011, 10, 02, 23.21, 32.43, 28, 6, 85
2011, 10, 03, 20.13, 32.33, 29, 2, 70
2011, 10, 04, 18.30, 32.15, 30, 7, 65
2011, 10, 05, 17.30, 32.31, 28, 3, 90
2011, 10, 06, 15.43, 33.19, 29, 3, 330
2011, 10, 07, 13.57, 34.12, 28, 1, 210
2011, 10, 08, 13.20, 34.50, 25, 2, 250
2011, 10, 15, 13.20, 34.50, 24, 2, 250
2011, 10, 22, 13.20, 34.50, 27, 2, 240
2011, 10, 29, 13.20, 34.50, 25, 4, 220
2011, 11, 05, 13.20, 34.50, 25, 2, 115
2011, 11, 12, 13.20, 34.50, 27, 3, 95
2011, 11, 19, 13.20, 34.50, 23, 3, 90
2011, 11, 25, 13.20, 34.50, 23, 3, 90
2011, 11, 26, 12.42, 34.63, 21, 2, 85
2011, 11, 27, 12.20, 34.28, 16, 2, 105
2011, 11, 28, 11.58, 34.21, 17, 2, 90
2011, 11, 29, 11.37, 34.20, 17, 2, 120
2011, 12, 03, 11.37, 34.20, 18, 3, 110
2011, 12, 10, 11.37, 34.20, 23, 3, 100
2011, 12, 17, 11.37, 34.20, 20, 3, 115
2011, 12, 24, 11.37, 34.20, 20, 2, 70
2011, 12, 31, 11.37, 34.20, 20, 2, 115
2012, 01, 01, 11.37, 34.20, 21, 3, 120
2012, 01, 08, 11.37, 34.20, 20, 2, 110
2012, 01, 15, 11.37, 34.20, 20, 2, 120
2012, 01, 22, 11.37, 34.20, 19, 3, 95
2012, 01, 29, 11.37, 34.20, 22, 2, 85
2012, 02, 05, 11.37, 34.20, 22, 2, 110
2012, 02, 12, 11.37, 34.20, 24, 3, 125
2012, 02, 19, 11.37, 34.20, 22, 3, 110
2012, 02, 20, 11.37, 34.20, 23, 3, 110
2012, 02, 21, 12.31, 34.27, 25, 3, 80
2012, 02, 22, 13.16, 34.31, 26, 4, 65
2012, 02, 23, 14.60, 34.43, 24, 4, 70
2012, 02, 24, 14.48, 34.50, 25, 3, 80
2012, 02, 25, 15.38, 35.30, 18, 5, 105
2012, 02, 26, 16.19, 35.11, 17, 2, 45
2012, 02, 27, 17.12, 35.21, 18, 2, 45
2012, 02, 28, 18.50, 35.33, 21, 4, 85
2012, 02, 29, 19.20, 35.43, 17, 2, 70
2012, 03, 01, 21.57, 35.30, 12, 2, 110
2012, 03, 02, 23.13, 34.35, 9, 6, 125
2012, 03, 03, 24.40, 33.54, 7, 2, 75
2012, 03, 04, 26.14, 33.13, 8, 3, 95
2012, 03, 05, 27.45, 32.31, 7, 3, 100
2012, 03, 06, 29.22, 31.49, 11, 4, 40
2012, 03, 07, 30.21, 31.43, 10, 2, 40
2012, 03, 15, 30.21, 31.43, 11, 2, 100
2012, 03, 22, 30.21, 31.43, 11, 1, 115
2012, 03, 26, 30.21, 31.43, 11, 4, 210
2012, 03, 27, 31.41, 31.31, 15, 7, 150
2012, 03, 28, 34.27, 30.58, 15, 5, 130
2012, 03, 29, 37.60, 30.32, 1, 1, 200
2012, 03, 30, 39.39, 30.10, 2, 2, 180
2012, 03, 31, 42.19, 29.39, 11, 12, 230
2012, 04, 01, 44.33, 29.10, 6, 2, 180
2012, 04, 02, 46.46, 28.43, 2, 3, 250
2012, 04, 03, 47.70, 28.39, 3, 2, 285
2012, 04, 04, 47.35, 28.41, 6, 2, 300
2012, 04, 05, 48.60, 28.43, 9, 3, 30
2012, 04, 06, 48.32, 28.43, 9, 2, 275
2012, 04, 07, 49.70, 28.44, 4, 2, 335
2012, 04, 08, 49.33, 28.46, 1, 7, 135
2012, 04, 09, 49.54, 28.47, -1, 4, 145
2012, 04, 10, 50.26, 28.49, -2, 2, 260
2012, 04, 11, 52.36, 28.16, 3, 4, 325
2012, 04, 12, 58.17, 27.42, 1, 3, 330
2012, 04, 13, 58.57, 27.50, 5, 5, 240
2012, 04, 14, 59.14, 28.50, 2, 6, 210
2012, 04, 15, 59.14, 28.50, 0, 4, 25
2012, 04, 22, 59.14, 28.52, 6, 3, 0
2012, 04, 29, 59.14, 28.52, 2, 1, 50
2012, 05, 06, 59.14, 28.52, 5, 6, 135
2012, 05, 13, 59.14, 28.52, 3, 3, 300
2012, 05, 20, 59.14, 28.52, 11, 2, 340
2012, 05, 27, 59.14, 28.52, 10, 2, 220
2012, 06, 03, 59.14, 28.52, 7, 2, 235
2012, 06, 10, 59.14, 28.52, 10, 1, 320
2012, 06, 17, 59.14, 28.52, 12, 7, 205
2012, 06, 24, 59.14, 28.52, 11, 2, 260
2012, 07, 01, 59.14, 28.52, 16, 4, 270
2012, 07, 08, 59.14, 28.52, 18, 5, 210
2012, 07, 15, 59.14, 28.52, 14, 9, 220
2012, 07, 22, 59.14, 28.52, 12, 5, 225
2012, 07, 29, 59.14, 28.52, 21, 5, 280
2012, 08, 05, 59.14, 28.52, 14, 3, 270
2012, 08, 12, 59.14, 28.52, 9, 2, 40
2012, 08, 19, 59.14, 28.52, 14, 5, 65
2012, 08, 26, 59.14, 28.52, 14, 2, 260
2012, 09, 02, 59.14, 28.52, 15, 5, 215
2012, 09, 09, 59.14, 28.52, 7, 3, 190
2012, 09, 14, 59.14, 28.52, 13, 7, 255
2012, 09, 15, 57.37, 27.32, 10, 3, 180
2012, 09, 16, 57.30, 28.60, 11, 4, 250
2012, 09, 17, 56.25, 28.60, 11, 4, 240
2012, 09, 18, 54.58, 28.10, 12, 5, 290
2012, 09, 19, 53.56, 27.39, 9, 6, 105
2012, 09, 20, 53.22, 27.41, 8, 3, 100
2012, 09, 21, 50.41, 26.16, 8, 2, 130
2012, 09, 22, 50.00, 26.90, 11, 6, 180
2012, 09, 23, 47.31, 26.58, 11, 1, 120
2012, 09, 24, 46.80, 27.24, 13, 1, 250
2012, 09, 25, 45.34, 27.30, 15, 2, 125
2012, 09, 26, 44.30, 27.15, 16, 2, 280
2012, 09, 27, 53.25, 27.90, 15, 2, 245
2012, 09, 28, 42.14, 26.58, 14, 1, 0
2012, 09, 29, 39.58, 26.40, 18, 3, 35
2012, 09, 20, 33.23, 27.40, 24, 5, 85
2012, 10, 01, 29.00, 26.28, 21, 4, 90
2012, 10, 02, 26.10, 25.59, 19, 3, 30
2012, 10, 03, 22.24, 24.48, 21, 3, 110
2012, 10, 04, 18.43, 23.60, 24, 5, 50
2012, 10, 05, 14.30, 20.56, 28, 4, 270
2012, 10, 06, 12.19, 19.39, 24, 1, 200
2012, 10, 07, 9.58, 18.43, 24, 2, 215
2012, 10, 08, 8.14, 18.18, 23, 2, 250
2012, 10, 09, 7.08, 17.37, 22, 2, 220
2012, 10, 10, 4.46, 16.31, 21, 1, 180
2012, 10, 11, 3.40, 15.35, 21, 3, 200
2012, 10, 12, 0.41, 14.40, 21, 2, 210
2012, 10, 13, -1.10, 14.25, 21, 2, 220
2012, 10, 14, -2.46, 14.26, 19, 2, 210
2012, 10, 15, -3.58, 14.23, 23, 3, 230
2012, 10, 16, -4.54, 14.29, 22, 3, 205
2012, 10, 17, -5.40, 14.41, 23, 3, 210
2012, 10, 18, -6.50, 14.21, 22, 3, 215
2012, 10, 19, -8.29, 13.51, 22, 1, 220
2012, 10, 20, -9.25, 13.16, 23, 3, 270
2012, 10, 21, -11.24, 13.49, 23, 5, 225
2012, 10, 22, -13.00, 13.10, 22, 1, 230
2012, 10, 23, -14.50, 12.40, 17, 1, 180
2012, 10, 24, -15.29, 12.20, 15, 2, 250
2012, 10, 25, -15.41, 11.55, 16, 4, 250
2012, 10, 28, -15.41, 11.55, 18, 3, 250
2012, 11, 04, -15.41, 11.55, 18, 4, 240
2012, 11, 11, -15.41, 11.55, 20, 4, 250
2012, 11, 18, -15.41, 11.55, 23, 2, 235
2012, 11, 25, -15.41, 11.55, 20, 3, 240
2012, 12, 02, -15.41, 11.55, 19, 4, 250
2012, 12, 09, -15.41, 11.55, 19, 3, 255
2012, 12, 16, -15.41, 11.55, 18, 5, 240
2012, 12, 23, -15.41, 11.55, 20, 3, 240
2012, 12, 30, -15.41, 11.55, 20, 3, 230
2012, 12, 31, -15.41, 11.55, 23, 1, 280
2013, 01, 01, -15.41, 11.55, 22, 2, 260
2013, 01, 08, -15.41, 11.55, 23, 2, 255
2013, 01, 15, -15.41, 11.55, 20, 4, 260
2013, 01, 22, -15.41, 11.55, 20, 4, 265
2013, 01, 30, -15.41, 11.55, 22, 5, 250
2013, 02, 05, -15.41, 11.55, 21, 5, 240
2013, 02, 12, -15.41, 11.55, 19, 3, 265
2013, 02, 19, -15.41, 11.55, 22, 4, 260
2013, 02, 26, -15.41, 11.55, 21, 2, 240
2013, 03, 05, -15.41, 11.55, 23, 4, 260
2013, 03, 12, -15.41, 11.55, 22, 2, 245
2013, 03, 18, -15.41, 11.55, 22, 3, 280
2013, 03, 19, -14.30, 12.42, 22, 1, 200
2013, 03, 20, -12.19, 13.35, 24, 1, 240
2013, 03, 21, -11.14, 14.12, 24, 1, 200
2013, 03, 22, -8.70, 14.49, 20, 1, 0
2013, 03, 23, -6.41, 14.54, 20, 1, 0
2013, 03, 24, -5.30, 15.14, 22, 3, 220
2013, 03, 25, -3.70, 15.15, 20, 2, 250
2013, 03, 26, -1.90, 15.50, 22, 2, 270
2013, 03, 27, 1.21, 15.36, 23, 3, 210
2013, 03, 28, 4.21, 16.20, 23, 2, 200
2013, 03, 29, 6.38, 17.10, 23, 2, 220
2013, 03, 30, 9.14, 17.47, 27, 5, 255
2013, 03, 31, 13.52, 19.41, 29, 3, 225
2013, 04, 01, 16.18, 21.50, 26, 4, 60
2013, 04, 02, 18.12, 22.10, 20, 3, 270
2013, 04, 03, 20.41, 23.60, 20, 6, 70
2013, 04, 04, 22.40, 21.50, 17, 4, 20
2013, 04, 05, 24.44, 21.28, 12, 3, 240
2013, 04, 06, 30.39, 22.44, 22, 9, 180
2013, 04, 07, 36.40, 27.40, 15, 11, 200
2013, 04, 08, 38.49, 26.57, 13, 5, 300
2013, 04, 09, 39.56, 27.20, 5, 2, 55
2013, 04, 10, 41.23, 26.49, 10, 3, 225
2013, 04, 11, 42.18, 26.47, 7, 2, 280
2013, 04, 12, 43.37, 27.20, 8, 3, 270
2013, 04, 13, 45.54, 27.50, 9, 3, 130
2013, 04, 14, 46.50, 28.50, 8, 5, 110
2013, 04, 15, 46.58, 28.50, 9, 5, 85
2013, 04, 16, 46.20, 27.37, 5, 2, 90
2013, 04, 17, 48.30, 27.10, 3, 2, 10
2013, 04, 18, 52.10, 25.39, 9, 4, 250
2013, 04, 19, 54.29, 25.90, 7, 3, 165
2013, 04, 20, 56.12, 27.00, -1, 3, 120
2013, 04, 21, 57.49, 25.48, -5, 2, 290
2013, 04, 22, 57.49, 25.48, 7, 6, 280
2013, 04, 29, 57.49, 25.48, 6, 6, 210
2013, 05, 06, 57.40, 25.48, 7, 3, 270
2013, 05, 13, 57.40, 25.48, 7, 3, 20
2013, 05, 20, 57.40, 25.48, 16, 3, 10
2013, 05, 27, 57.40, 25.48, 14, 4, 0
2013, 06, 03, 57.40, 25.48, 13, 1, 355
2013, 06, 10, 57.40, 25.48, 10, 4, 210
2013, 06, 17, 57.40, 25.48, 11, 4, 210
2013, 06, 18, 57.40, 25.48, 10, 3, 175
2013, 06, 25, 57.40, 25.48, 19, 3, 330
2013, 07, 02, 57.40, 25.48, 13, 3, 260
2013, 07, 09, 57.40, 25.48, 10, 3, 210
2013, 07, 16, 57.40, 25.48, 10, 4, 215
2013, 07, 23, 57.40, 25.48, 17, 3, 85
2013, 07, 30, 57.40, 25.48, 17, 4, 180
2013, 08, 06, 57.40, 25.48, 13, 2, 275
2013, 08, 13, 57.40, 25.48, 13, 5, 220
2013, 08, 20, 57.40, 25.48, 15, 2, 160
2013, 08, 27, 57.40, 25.48, 7, 2, 310
2013, 09, 03, 57.40, 25.48, 7, 2, 100
2013, 09, 10, 57.40, 25.48, 10, 2, 300
2013, 09, 17, 57.40, 25.48, 13, 5, 320
2013, 09, 24, 57.40, 25.48, 3, 4, 125
2013, 10, 01, 57.40, 25.48, -1, 2, 115
2013, 10, 08, 57.40, 25.48, 11, 6, 225
2013, 10, 15, 57.40, 25.48, 6, 3, 130
2013, 10, 22, 57.40, 25.48, 4, 7, 255
2013, 10, 29, 57.40, 25.48, 9, 8, 210
2013, 11, 05, 57.40, 25.48, 6, 4, 250
2013, 11, 12, 57.40, 25.48, 4, 7, 235
2013, 11, 19, 57.40, 25.48, 5, 4, 260
2013, 11, 26, 57.40, 25.48, -1, 7, 215
2013, 12, 03, 57.40, 25.48, 5, 4, 205
2013, 12, 10, 57.40, 25.48, 0, 5, 210
2013, 12, 17, 57.40, 25.48, 4, 6, 185
2013, 12, 24, 57.40, 25.48, 4, 7, 245
2013, 12, 31, 57.40, 25.48, -2, 5, 235
2014, 01, 01, 57.40, 25.48, -1, 3, 300
2014, 01, 08, 57.40, 25.48, 6, 6, 195
2014, 01, 15, 57.40, 25.48, -10, 3, 55
2014, 01, 22, 57.40, 25.48, -19, 4, 20
2014, 01, 29, 57.40, 25.48, -19, 5, 310
2014, 02, 05, 57.40, 25.48, -8, 4, 270
2014, 02, 12, 57.40, 25.48, 0, 3, 265
2014, 02, 19, 57.40, 25.48, -2, 2, 20
2014, 02, 26, 57.40, 25.48, 0, 3, 290
2014, 03, 05, 57.40, 25.48, 0, 3, 300
2014, 03, 12, 57.40, 25.48, -1, 3, 190
2014, 03, 19, 57.40, 25.48, -3, 3, 55
2014, 03, 26, 57.40, 25.48, 1, 3, 350
2014, 04, 02, 57.40, 25.48, -4, 3, 210
2014, 04, 09, 57.40, 25.48, -2, 4, 10
2014, 04, 16, 57.40, 25.48, -1, 4, 250
2014, 04, 23, 57.40, 25.48, -4, 2, 25
2014, 04, 30, 57.40, 25.48, 2, 1, 315
2014, 05, 07, 57.40, 25.48, 8, 3, 255
2014, 05, 14, 57.40, 25.48, 2, 2, 145
2014, 05, 21, 57.40, 25.48, 11, 2, 220
2014, 05, 28, 57.40, 25.48, 7, 2, 120
2014, 06, 04, 57.40, 25.48, 17, 3, 245
2014, 06, 11, 57.40, 25.48, 12, 2, 210
2014, 06, 18, 57.40, 25.48, 8, 3, 195
2014, 06, 25, 57.40, 25.48, 9, 2, 30
2014, 07, 02, 57.40, 25.48, 11, 4, 220
2014, 07, 09, 57.40, 25.48, 17, 4, 35
2014, 07, 16, 57.40, 25.48, 13, 2, 215
2014, 07, 23, 57.40, 25.48, 14, 1, 110
2014, 07, 30, 57.40, 25.48, 19, 4, 275
2014, 08, 06, 57.40, 25.48, 16, 2, 315
2014, 08, 13, 57.40, 25.48, 12, 4, 305
2014, 08, 16, 57.40, 25.48, 12, 3, 205
2014, 08, 17, 57.20, 26.44, 12, 4, 255
2014, 08, 18, 56.17, 25.47, 13, 5, 240
2014, 08, 19, 55.00, 25.48, 11, 3, 250
2014, 08, 20, 53.42, 24.70, 8, 2, 220
2014, 08, 21, 53.20, 23.40, 7, 3, 210
2014, 08, 22, 52.33, 21.43, 12, 3, 275
2014, 08, 23, 51.33, 20.31, 14, 3, 170
2014, 08, 24, 51.33, 20.31, 8, 5, 290
2014, 08, 25, 51.70, 20.30, 11, 4, 250
2014, 08, 26, 51.70, 20.30, 9, 2, 150
2014, 09, 02, 51.70, 20.30, 12, 4, 35
2014, 09, 03, 51.70, 20.30, 11, 4, 20
2014, 09, 04, 48.21, 17.53, 17, 2, 30
2014, 09, 05, 46.27, 16.47, 17, 2, 10
2014, 09, 06, 45.26, 15.31, 17, 1, 90
2014, 09, 07, 44.80, 14.53, 21, 2, 50
2014, 09, 08, 40.80, 12.45, 23, 1, 0
2014, 09, 09, 35.57, 9.30, 21, 2, 220
2014, 09, 10, 34.60, 7.39, 27, 4, 30
2014, 09, 11, 30.18, 5.46, 28, 3, 15
2014, 09, 12, 28.43, 3.46, 29, 5, 350
2014, 09, 13, 25.70, 3.38, 31, 6, 35
2014, 09, 14, 21.58, 2.28, 31, 5, 250
2014, 09, 15, 20.32, 1.39, 27, 4, 220
2014, 09, 16, 18.52, 0.25, 28, 3, 45
2014, 09, 17, 15.33, -0.56, 27, 6, 235
2014, 09, 18, 13.38, -1.39, 24, 2, 210
2014, 09, 19, 12.22, -2.38, 24, 2, 195
2014, 09, 20, 10.40, -2.55, 23, 3, 255
2014, 09, 21, 10.40, -2.55, 24, 2, 240
2014, 09, 22, 10.40, -2.55, 24, 2, 200
2014, 09, 23, 10.40, -2.55, 23, 2, 280
2014, 09, 24, 10.40, -2.55, 24, 1, 290
2014, 09, 25, 10.40, -3.80, 24, 3, 260
2014, 09, 26, 9.23, -2.53, 21, 3, 225
2014, 09, 27, 7.15, -3.20, 23, 2, 225
2014, 09, 28, 7.19, -3.27, 23, 3, 230
2014, 09, 29, 7.19, -3.27, 24, 3, 240
2014, 10, 01, 7.19, -3.27, 23, 2, 240
2014, 10, 08, 7.19, -3.27, 23, 2, 240
2014, 10, 15, 7.19, -3.27, 24, 3, 230
2014, 10, 22, 7.19, -3.27, 23, 3, 240
2014, 10, 29, 7.19, -3.27, 23, 1, 240
2014, 11, 05, 7.19, -3.27, 23, 1, 210
2014, 11, 12, 7.19, -3.27, 23, 2, 240
2014, 11, 19, 7.19, -3.27, 23, 2, 250
2014, 11, 26, 7.19, -3.27, 24, 3, 245
2014, 12, 03, 7.19, -3.27, 24, 2, 230
2014, 12, 10, 7.19, -3.27, 24, 3, 245
2014, 12, 17, 7.19, -3.27, 23, 2, 215
2014, 12, 24, 7.19, -3.27, 24, 2, 250
2014, 12, 31, 7.19, -3.27, 20, 1, 170
2015, 01, 01, 7.19, -3.27, 21, 1, 85
2015, 01, 08, 7.19, -3.27, 22, 1, 300
2015, 01, 15, 7.19, -3.27, 20, 2, 270
2015, 01, 22, 7.19, -3.27, 23, 3, 250
2015, 01, 30, 7.19, -3.27, 23, 3, 260
2015, 02, 05, 7.19, -3.27, 25, 3, 250
2015, 02, 12, 7.19, -3.27, 24, 2, 260
2015, 02, 19, 7.19, -3.27, 24, 3, 245
2015, 02, 26, 7.19, -3.27, 25, 3, 260
2015, 03, 05, 7.19, -3.27, 25, 2, 255
2015, 03, 12, 7.19, -3.27, 24, 3, 250
2015, 03, 19, 7.19, -3.27, 26, 3, 260
2015, 03, 20, 8.28, -2.42, 26, 3, 250
2015, 03, 21, 10.00, -3.10, 29, 5, 260
2015, 03, 22, 10.57, -2.50, 29, 3, 225
2015, 03, 23, 11.90, -2.48, 29, 3, 225
2015, 03, 24, 12.14, -2.42, 28, 3, 90
2015, 03, 25, 13.70, -2.20, 23, 2, 80
2015, 03, 26, 15.21, -0.36, 25, 4, 90
2015, 03, 27, 18.28, 1.29, 16, 5, 80
2015, 03, 28, 20.30, 1.40, 15, 5, 50
2015, 03, 29, 22.38, 2.14, 16, 4, 45
2015, 03, 30, 25.44, 3.12, 17, 3, 45
2015, 03, 31, 29.30, 3.51, 15, 3, 340
2015, 04, 01, 31.50, 5.57, 17, 3, 180
2015, 04, 02, 34.12, 7.47, 13, 3, 30
2015, 04, 03, 36.60, 9.43, 9, 3, 230
2015, 04, 04, 39.90, 13.37, 14, 9, 200
2015, 04, 05, 43.28, 16.41, 7, 7, 80
2015, 04, 06, 45.24, 16.32, 4, 4, 90
2015, 04, 07, 46.29, 17.20, 5, 3, 135
2015, 04, 08, 48.26, 17.56, 6, 4, 110
2015, 04, 09, 50.31, 21.35, 1, 3, 260
2015, 04, 10, 50.31, 21.35, 4, 2, 260
2015, 04, 11, 50.31, 21.35, 10, 4, 185
2015, 04, 12, 51.39, 20.24, 5, 5, 250
2015, 04, 13, 52.26, 21.50, 2, 5, 170
2015, 04, 14, 53.70, 22.52, 7, 6, 180
2015, 04, 15, 53.45, 24.12, 9, 9, 175
2015, 04, 16, 54.58, 25.48, 4, 5, 190
2015, 04, 17, 55.51, 25.44, 2, 3, 100
2015, 04, 18, 56.24, 26.30, 1, 2, 110
2015, 04, 19, 57.24, 26.10, 3, 3, 135
2015, 04, 20, 57.50, 27.55, 5, 4, 170
2015, 04, 23, 57.50, 27.55, 5, 5, 180
2015, 04, 30, 57.50, 27.55, 7, 6, 325
2015, 05, 07, 57.50, 27.55, 9, 3, 235
2015, 05, 14, 57.50, 27.55, 7, 4, 140
2015, 05, 21, 57.50, 27.55, 9, 3, 200
2015, 05, 28, 57.50, 27.55, 11, 1, 200
2015, 06, 04, 57.50, 27.55, 10, 6, 205
2015, 06, 11, 57.50, 27.55, 11, 3, 210
2015, 06, 18, 57.50, 27.55, 14, 5, 300
2015, 06, 25, 57.50, 27.55, 14, 4, 225
2015, 07, 02, 57.50, 27.55, 17, 4, 215
2015, 07, 09, 57.50, 27.55, 15, 4, 265
2015, 07, 16, 57.50, 27.55, 14, 4, 200
2015, 07, 23, 57.50, 27.55, 15, 6, 200
2015, 07, 30, 57.50, 27.55, 13, 6, 230
2015, 08, 06, 57.50, 27.55, 18, 2, 90
2015, 08, 13, 57.50, 27.55, 12, 3, 120
2015, 08, 20, 57.50, 27.55, 11, 1, 50
2015, 08, 27, 57.50, 27.55, 19, 4, 270
2015, 09, 03, 57.50, 27.55, 13, 1, 205
2015, 09, 04, 56.18, 28.41, 11, 2, 200
2015, 09, 05, 53.10, 31.59, 11, 1, 0
2015, 09, 06, 52.28, 32.22, 12, 5, 200
2015, 09, 07, 50.15, 34.54, 9, 4, 220
2015, 09, 08, 47.05, 35.48, 12, 1, 75
2015, 09, 09, 46.07, 33.07, 16, 5, 55
2015, 09, 10, 46.07, 33.07, 18, 6, 55
2015, 09, 11, 46.07, 33.07, 20, 7, 10
2015, 09, 18, 46.07, 33.07, 18, 4, 30
2015, 09, 25, 46.07, 33.07, 19, 2, 60
2015, 09, 27, 46.07, 33.07, 19, 3, 100
2015, 09, 28, 46.07, 33.07, 16, 7, 85
2015, 09, 29, 40.38, 31.25, 14, 2, 180
2015, 09, 30, 36.12, 31.49, 25, 2, 340
2015, 10, 01, 30.48, 32.18, 22, 2, 165
2015, 10, 02, 26.38, 33.29, 26, 3, 90
2015, 10, 03, 24.22, 32.52, 26, 2, 80
2015, 10, 04, 22.30, 32.12, 27, 3, 35
2015, 10, 05, 21.57, 31.26, 25, 6, 105
2015, 10, 06, 19.36, 30.27, 25, 5, 90
2015, 10, 07, 15.27, 28.14, 23, 4, 95
2015, 10, 08, 10.26, 25.32, 25, 3, 190
2015, 10, 09, 6.59, 23.24, 21, 2, 250
2015, 10, 10, 4.11, 22.27, 22, 2, 255
2015, 10, 11, 2.09, 21.30, 22, 2, 90
2015, 10, 12, 1.18, 20.40, 22, 1, 270
2015, 10, 13, -2.41, 20.06, 23, 1, 35
2015, 10, 14, -3.17, 20.04, 22, 1, 115
2015, 10, 15, -3.22, 18.43, 24, 1, 175
2015, 10, 16, -4.15, 17.59, 22, 1, 200
2015, 10, 17, -4.55, 15.42, 22, 2, 210 
2015, 10, 18, -5.01, 14.28, 23, 2, 205
2015, 10, 19, -5.22, 13.32, 23, 2, 250
2015, 10, 20, -5.22, 13.32, 23, 2, 225
2015, 10, 22, -5.22, 13.32, 24, 3, 235
2015, 10, 29, -5.22, 13.32, 22, 2, 245
2015, 11, 05, -5.22, 13.32, 23, 2, 220
2015, 11, 12, -5.22, 13.32, 24, 2, 250
2015, 11, 19, -5.22, 13.32, 24, 2, 235
2015, 11, 26, -5.22, 13.32, 25, 2, 175
2015, 12, 03, -5.22, 13.32, 22, 0, 0
2015, 12, 10, -5.22, 13.32, 24, 2, 130
2015, 12, 17, -5.22, 13.32, 23, 2, 170
2015, 12, 24, -5.22, 13.32, 23, 1, 270
2015, 12, 31, -5.22, 13.32, 23, 2, 200
2016, 01, 01, -5.22, 13.32, 25, 2, 235
2016, 01, 08, -5.22, 13.32, 25, 2, 205
2016, 01, 15, -5.22, 13.32, 25, 2, 275
2016, 01, 22, -5.22, 13.32, 24, 2, 235
2016, 01, 29, -5.22, 13.32, 25, 2, 270
2016, 02, 05, -5.22, 13.32, 22, 1, 125
2016, 02, 12, -5.22, 13.32, 25, 1, 240
2016, 02, 19, -5.22, 13.32, 26, 2, 270
2016, 02, 26, -5.22, 13.32, 25, 2, 210
2016, 03, 04, -5.22, 13.32, 25, 2, 250
2016, 03, 11, -5.22, 13.32, 22, 1, 180
2016, 03, 18, -5.22, 13.32, 24, 2, 260
2016, 03, 22, -5.22, 13.32, 25, 2, 250
2016, 03, 23, -2.43, 14.29, 23, 2, 215
2016, 03, 24, 0.00, 14.50, 22, 2, 190
2016, 03, 25, 2.21, 14.50, 22, 2, 180
2016, 03, 26, 3.54, 14.55, 23, 2, 260
2016, 03, 27, 6.02, 14.07, 22, 2, 300
2016, 03, 28, 9.18, 13.29, 27, 2, 110
2016, 03, 29, 11.29, 12.47, 28, 2, 70
2016, 03, 30, 13.14, 10.47, 26, 3, 60
2016, 03, 31, 16.17, 9.27, 20, 4, 45
2016, 04, 01, 20.23, 8.28, 24, 5, 270
2016, 04, 02, 23.00, 7.53, 22, 4, 65
2016, 04, 03, 26.18, 9.31, 17, 3, 325
2016, 04, 04, 29.54, 9.05, 21, 6, 300
2016, 04, 05, 34.27, 8.15, 17, 7, 45
2016, 04, 06, 36.45, 7.19, 14, 2, 130
2016, 04, 07, 36.36, 6.30, 9, 2, 205
2016, 04, 08, 38.38, 7.36, 13, 5, 135
2016, 04, 09, 40.37, 9.41, 11, 3, 175
2016, 04, 10, 42.46, 9.26, 11, 2, 290
2016, 04, 11, 44.51, 11.34, 10, 3, 250
2016, 04, 12, 47.24, 15.12, 5, 1, 215
2016, 04, 13, 48.56, 16.32, 11, 4, 160
2016, 04, 14, 48.56, 16.32, 11, 3, 170
2016, 04, 15, 50.35, 18.35, 8, 2, 260
2016, 04, 16, 54.55, 19.47, 8, 5, 240
2016, 04, 17, 57.02, 24.53, 5, 7, 215
2016, 04, 18, 57.10, 25.26, 5, 6, 230
2016, 04, 19, 57.10, 25.26, 3, 4, 170
2016, 04, 20, 58.10, 27.44, 4, 6, 135
2016, 04, 21, 58.10, 27.44, 4, 1, 0
2016, 04, 22, 58.10, 27.44, 3, 4, 200
2016, 04, 29, 58.10, 27.44, 5, 3, 120
2016, 05, 06, 58.10, 27.44, 10, 3, 80
2016, 05, 13, 58.10, 27.44, 11, 6, 310
2016, 05, 20, 58.10, 27.44, 12, 6, 135
2016, 05, 27, 58.10, 27.44, 13, 3, 0
2016, 06, 03, 58.10, 27.44, 16, 5, 80
2016, 06, 10, 58.10, 27.44, 9, 6, 30
2016, 06, 17, 58.10, 27.44, 17, 10, 260
2016, 06, 24, 58.10, 27.44, 19, 4, 230
2016, 07, 01, 58.10, 27.44, 17, 2, 230
2016, 07, 08, 58.10, 27.44, 13, 4, 200
2016, 07, 15, 58.10, 27.44, 17, 9, 200
2016, 07, 22, 58.10, 27.44, 18, 4, 90
2016, 07, 29, 58.10, 27.44, 19, 2, 95
2016, 08, 05, 58.10, 27.44, 19, 5, 260
2016, 08, 12, 58.10, 27.44, 10, 5, 250
2016, 08, 19, 58.10, 27.44, 14, 2, 205
2016, 08, 23, 58.10, 27.44, 15, 3, 160
2016, 08, 24, 57.14, 26.29, 13, 3, 170
2016, 08, 25, 51.31, 25.37, 10, 2, 20
2016, 08, 26, 49.05, 25.26, 12, 1, 300
2016, 08, 27, 48.38, 25.50, 14, 1, 180
2016, 08, 28, 49.05, 25.26, 16, 2, 290
2016, 08, 29, 48.32, 26.46, 20, 3, 145
2016, 08, 30, 48.32, 26.26, 14, 2, 130
2016, 09, 06, 48.32, 26.26, 16, 1, 90
2016, 09, 07, 48.32, 26.26, 17, 1, 90
2016, 09, 08, 46.38, 26.25, 13, 2, 170
2016, 09, 09, 43.40, 24.59, 18, 2, 5
2016, 09, 10, 41.51, 24.33, 11, 2, 0
2016, 09, 11, 37.58, 23.27, 22, 2, 130
2016, 09, 12, 32.26, 24.30, 25, 4, 140
2016, 09, 13, 30.11, 24.40, 24, 4, 150
2016, 09, 14, 26.38, 26.06, 23, 4, 100
2016, 09, 15, 21.47, 25.42, 22, 4, 85
2016, 09, 16, 17.31, 22.57, 23, 2, 175
2016, 09, 17, 14.09, 21.14, 24, 2, 290
2016, 09, 18, 11.44, 20.16, 25, 2, 220
2016, 09, 19, 9.41, 19.41, 22, 4, 270
2016, 09, 20, 8.52, 18.41, 24, 1, 330
2016, 09, 21, 6.48, 17.57, 23, 1, 180
2016, 09, 22, 5.19, 17.11, 20, 2, 210
2016, 09, 23, 3.08, 16.40, 22, 1, 130
2016, 09, 24, 0.41, 15.53, 22, 3, 210
2016, 09, 25, -2.04, 15.44, 21, 2, 200
2016, 09, 26, -2.53, 15.40, 22, 3, 200
2016, 09, 27, -2.53, 15.40, 22, 2, 200
2016, 09, 30, -2.53, 15.40, 23, 7, 200
2016, 10, 07, -2.53, 15.40, 24, 2, 210
2016, 10, 14, -2.53, 15.40, 22, 3, 200
2016, 10, 21, -2.53, 15.40, 22, 2, 225
2016, 10, 28, -2.53, 15.40, 23, 1, 215
2016, 11, 04, -2.53, 15.40, 21, 2, 230
2016, 11, 11, -2.53, 15.40, 21, 2, 195
2016, 11, 18, -2.53, 15.40, 22, 1, 290
2016, 11, 25, -2.53, 15.40, 23, 2, 210
2016, 12, 02, -2.53, 15.40, 22, 1, 230
2016, 12, 09, -2.53, 15.40, 20, 1, 250
2016, 12, 16, -2.53, 15.40, 22, 1, 255
2016, 12, 23, -2.53, 15.40, 22, 2, 200
2016, 12, 30, -2.53, 15.40, 22, 3, 215
2016, 12, 31, -2.53, 15.40, 21, 1, 180
2017, 01, 01, -2.53, 15.40, 21, 1, 215
2017, 01, 08, -2.53, 15.40, 21, 1, 210
2017, 01, 15, -2.53, 15.40, 23, 3, 215
2017, 01, 22, -2.53, 15.40, 23, 2, 190
2017, 01, 29, -2.53, 15.40, 21, 1, 245
2017, 02, 05, -2.53, 15.49, 23, 2, 240
2017, 02, 12, -2.53, 15.49, 22, 1, 240
2017, 02, 19, -2.53, 15.49, 21, 2, 275
2017, 02, 26, -2.53, 15.49, 23, 2, 230
2017, 03, 05, -2.53, 15.49, 22, 1, 190
2017, 03, 12, -2.53, 15.49, 22, 1, 220
2017, 03, 14, -2.53, 15.49, 22, 2, 210
2017, 03, 15, -5.21, 13.32, 23, 2, 180
2017, 03, 16, -3.59, 13.32, 24, 1, 80
2017, 03, 17, -1.21, 14.13, 22, 2, 255
2017, 03, 18, 1.09, 14.45, 24, 2, 205
2017, 03, 19, 2.34, 15.16, 23, 2, 275
2017, 03, 20, 3.26, 15.20, 22, 2, 290
2017, 03, 21, 5.16, 15.21, 22, 3, 190
2017, 03, 22, 9.03, 15.23, 28, 2, 125
2017, 03, 23, 11.48, 15.28, 28, 4, 80
2017, 03, 24, 12.59, 15.12, 26, 4, 60
2017, 03, 25, 14.49, 14.03, 23, 4, 30
2017, 03, 26, 17.45, 12.08, 14, 3, 70
2017, 03, 27, 20.36, 10.50, 20, 4, 40
2017, 03, 28, 23.14, 8.19, 24, 4, 75
2017, 03, 29, 25.51, 11.03, 17, 3, 120
2017, 03, 30, 28.05, 12.09, 10, 5, 40
2017, 03, 31, 30.36, 11.22, 11, 3, 300
2017, 04, 01, 39.31, 15.27, 17, 9, 300
2017, 04, 02, 45.18, 17.04, 9, 1, 0
2017, 04, 03, 47.26, 17.09, 10, 5, 110
2017, 04, 04, 48.18, 17.21, 10, 1, 135
2017, 04, 05, 49.16, 18.06, 6, 3, 130
2017, 04, 06, 50.34, 18.57, 4, 4, 165
2017, 04, 07, 51.11, 19.19, 8, 4, 120
2017, 04, 08, 52.32, 20.12, 5, 2, 210
2017, 04, 09, 56.18, 25.18, 4, 4, 225
2017, 04, 10, 57.27, 26.29, 5, 4, 220
2017, 04, 11, 58.27, 27.46, 1, 7, 150
2017, 04, 12, 58.27, 27.46, 2, 4, 290
2017, 04, 16, 58.27, 27.46, -1, 4, 95
2017, 04, 23, 58.27, 27.46, 0, 5, 210
2017, 04, 30, 58.27, 27.46, 2, 1, 145
2017, 05, 07, 58.27, 27.46, 2, 6, 45
2017, 05, 14, 58.27, 27.46, 10, 1, 105
2017, 05, 22, 58.27, 27.46, 11, 4, 250
2017, 05, 30, 58.27, 27.46, 16, 5, 195
2017, 06, 04, 58.27, 27.46, 9, 5, 320
2017, 06, 11, 58.27, 27.46, 14, 5, 215
2017, 06, 18, 58.27, 27.46, 16, 5, 165
2017, 06, 25, 58.27, 27.46, 13, 6, 220
2017, 07, 02, 58.27, 27.46, 14, 1, 335
2017, 07, 09, 58.27, 27.46, 15, 3, 175
2017, 07, 16, 58.27, 27.46, 15, 3, 210
2017, 07, 23, 58.27, 27.46, 14, 3, 155
2017, 07, 30, 58.27, 27.46, 16, 3, 265
2017, 08, 06, 58.27, 27.46, 16, 8, 205
2017, 08, 13, 58.27, 27.46, 15, 5, 190
2017, 08, 20, 58.27, 27.46, 15, 2, 165
2017, 08, 27, 58.27, 27.46, 10, 3, 85
2017, 08, 31, 58.27, 27.46, 15, 6, 265
2017, 09, 01, 57.33, 26.47, 12, 3, 30
2017, 09, 02, 57.01, 27.01, 13, 3, 20
2017, 09, 03, 57.01, 27.07, 13, 5, 25
2017, 09, 04, 57.00, 27.13, 9, 5, 30
2017, 09, 05, 55.46, 27.25, 9, 5, 60
2017, 09, 06, 54.46, 28.37, 8, 4, 150
2017, 09, 07, 52.51, 31.21, 12, 6, 210
2017, 09, 08, 51.32, 32.59, 9, 3, 230
2017, 09, 09, 49.29, 34.25, 12, 3, 210
2017, 09, 10, 47.43, 33.39, 16, 2, 330
2017, 09, 11, 46.09, 33.09, 19, 3, 335
2017, 09, 12, 46.09, 33.09, 23, 5, 220
2017, 09, 19, 46.09, 33.09, 20, 2, 355
2017, 09, 24, 46.09, 33.09, 16, 4, 50
2017, 09, 25, 44.10, 29.57, 22, 9, 20
2017, 09, 26, 38.21, 28.05, 12, 1, 0
2017, 09, 27, 33.13, 30.27, 24, 8, 150
2017, 09, 28, 26.57, 30.49, 22, 4, 100
2017, 09, 29, 23.33, 32.38, 25, 7, 80
2017, 09, 30, 21.52, 31.22, 25, 4, 60
2017, 10, 01, 21.43, 31.20, 25, 4, 55
2017, 10, 02, 20.02, 30.11, 27, 7, 70
2017, 10, 03, 15.20, 27.36, 24, 6, 80
2017, 10, 04, 11.08, 25.00, 24, 2, 170
2017, 10, 05, 8.51, 23.45, 20, 3, 260
2017, 10, 06, 6.42, 22.38, 22, 0, 0
2017, 10, 07, 4.50, 21.59, 23, 1, 220
2017, 10, 08, 2.05, 21.03, 23, 2, 180
2017, 10, 09, 0.37, 20.30, 21, 2, 200
2017, 10, 10, 0.08, 20.07, 22, 1, 130
2017, 10, 11, -1.17, 19.15, 23, 0, 0
2017, 10, 12, -3.11, 18.52, 23, 2, 150
2017, 10, 13, -3.35, 18.06, 23, 2, 130
2017, 10, 14, -3.59, 17.20, 24, 1, 135
2017, 10, 15, -4.31, 16.14, 23, 2, 140
2017, 10, 16, -4.48, 14.39, 23, 3, 200
2017, 10, 17, -4.58, 14.09, 24, 2, 200
2017, 10, 18, -5.07, 13.59, 23, 2, 220
2017, 10, 19, -5.13, 13.46, 22, 2, 195
2017, 10, 20, -5.19, 13.36, 22, 2, 210
2017, 10, 21, -5.19, 13.36, 23, 2, 230
2017, 10, 22, -5.19, 13.36, 22, 2, 220
2017, 10, 29, -5.19, 13.36, 22, 1, 250
2017, 11, 05, -5.19, 13.36, 23, 1, 200
2017, 11, 12, -5.19, 13.36, 22, 1, 205
2017, 11, 19, -5.19, 13.36, 23, 2, 245
2017, 11, 26, -5.19, 13.36, 23, 2, 220
2017, 12, 03, -5.19, 13.36, 24, 2, 205
2017, 12, 10, -5.19, 13.36, 23, 1, 210
2017, 12, 17, -5.19, 13.36, 23, 2, 220
2017, 12, 24, -5.19, 13.36, 23, 2, 215
2017, 12, 31, -5.19, 13.36, 23, 1, 270
2018, 01, 01, -5.19, 13.36, 24, 2, 180
2018, 01, 08, -5.19, 13.36, 23, 1, 0
2018, 01, 15, -5.19, 13.36, 24, 1, 210
2018, 01, 22, -5.19, 13.36, 23, 1, 270
2018, 01, 29, -5.19, 13.36, 24, 1, 180
2018, 02, 05, -5.19, 13.36, 26, 2, 195
2018, 02, 12, -5.19, 13.36, 26, 3, 225 
2018, 02, 19, -5.19, 13.36, 25, 1, 270
2018, 02, 26, -5.19, 13.36, 24, 2, 175
2018, 03, 05, -5.19, 13.36, 24, 2, 205
2018, 03, 12, -5.19, 13.36, 23, 2, 230
2018, 03, 19, -5.19, 13.36, 25, 1, 200
2018, 03, 20, -5.19, 13.16, 26, 3, 205
2018, 03, 21, -4.12, 13.48, 25, 1, 200
2018, 03, 22, -2.22, 14.20, 23, 2, 220
2018, 03, 23, 0.16, 14.44, 24, 1, 35
2018, 03, 24, 2.50, 15.19, 24, 1, 260
2018, 03, 25, 5.28, 15.09, 25, 1, 235
2018, 03, 26, 6.04, 15.16, 25, 1, 240
2018, 03, 27, 7.36, 15.28, 27, 2, 210
2018, 03, 28, 9.35, 16.34, 33, 1, 0
2018, 03, 29, 10.19, 16.51, 27, 2, 85
2018, 03, 30, 11.49, 16.33, 26, 3, 60
2018, 03, 31, 13.01, 15.38, 27, 4, 60
2018, 04, 01, 14.55, 12.37, 27, 3, 30
2018, 04, 02, 16.58, 10.25, 23, 2, 250
2018, 04, 03, 20.44, 9.42, 21, 2, 25
2018, 04, 04, 23.26, 9.40, 20, 2, 70
2018, 04, 05, 27.53, 8.25, 22, 7, 0
2018, 04, 06, 32.00, 8.09, 19, 6, 240
2018, 04, 07, 35.51, 7.00, 13, 2, 300
2018, 04, 08, 39.18, 8.44, 10, 5, 180
2018, 04, 09, 41.56, 11.48, 15, 5, 290
2018, 04, 10, 44.47, 13.29, 13, 2, 350
2018, 04, 11, 48.52, 16.32, 10, 2, 10
2018, 04, 12, 52.18, 16.50, 12, 4, 350
2018, 04, 13, 54.45, 17.34, 13, 3, 305
2018, 04, 14, 56.29, 21.45, 7, 2, 260
2018, 04, 15, 57.50, 26.01, 9, 1, 110
2018, 04, 16, 58.20, 27.39, 10, 2, 260
2018, 04, 17, 58.20, 27.39, 4, 5, 170
2018, 04, 23, 58.20, 27.39, 5, 5, 310
2018, 04, 30, 58.20, 27.39, 9, 6, 355
2018, 05, 07, 58.20, 27.39, 11, 3, 160
2018, 05, 14, 58.20, 27.39, 16, 2, 50
2018, 05, 21, 58.20, 27.39, 16, 3, 310
2018, 05, 28, 58.20, 27.39, 15, 3, 290
2018, 06, 04, 58.20, 27.39, 10, 6, 150
2018, 06, 11, 58.20, 27.39, 16, 3, 200
2018, 06, 18, 58.20, 27.39, 15, 4, 225
2018, 06, 25, 58.20, 27.39, 14, 2, 290
2018, 07, 02, 58.20, 27.39, 12, 1, 250
2018, 07, 09, 58.20, 27.39, 16, 1, 90
2018, 07, 16, 58.20, 27.39, 21, 4, 20
2018, 07, 23, 58.20, 27.39, 20, 2, 330
2018, 07, 30, 58.20, 27.39, 21, 3, 320
2018, 08, 06, 58.20, 27.39, 17, 5, 170
2018, 08, 13, 58.20, 27.39, 13, 3, 210
2018, 08, 20, 58.20, 27.39, 15, 6, 165
2018, 08, 25, 58.20, 27.39, 15, 2, 165
2018, 08, 26, 56.18, 28.16, 14, 2, 140
2018, 08, 27, 54.48, 28.34, 14, 2, 90
2018, 08, 28, 53.13, 30.14, 15, 2, 140
2018, 08, 29, 50.38, 31.49, 15, 3, 115
2018, 08, 30, 47.33, 32.36, 17, 2, 120
2018, 08, 31, 46.09, 33.01, 23, 3, 85
2018, 09, 01, 46.09, 33.01, 21, 4, 30
2018, 09, 03, 46.09, 33.01, 21, 4, 20
2018, 09, 10, 46.09, 33.01, 18, 2, 250
2018, 09, 11, 46.09, 33.01, 19, 2, 300
2018, 09, 12, 44.57, 29.21, 17, 2, 5
2018, 09, 13, 41.03, 26.33, 16, 1, 195
2018, 09, 14, 37.39, 26.09, 22, 2, 115
2018, 09, 15, 29.39, 28.39, 22, 1, 145
2018, 09, 16, 23.41, 29.04, 26, 4, 110
2018, 09, 17, 18.55, 26.26, 26, 5, 65
2018, 09, 18, 14.18, 23.28, 22, 2, 40
2018, 09, 19, 11.59, 21.57, 24, 0, 0
2018, 09, 20, 9.59, 20.42, 24, 2, 280
2018, 09, 21, 7.37, 19.40, 24, 2, 210
2018, 09, 22, 4.56, 18.47, 23, 1, 250
2018, 09, 23, 3.22, 18.05, 23, 1, 0
2018, 09, 24, 2.08, 17.11, 21, 1, 165
2018, 09, 25, -0.06, 15.49, 23, 2, 210
2018, 09, 26, -2.30, 13.43, 22, 2, 205
2018, 09, 27, -4.12, 14.13, 22, 1, 235
2018, 09, 28, -4.11, 14.06, 24, 2, 190
2018, 09, 29, -4.23, 14.02, 22, 3, 245
2018, 09, 30, -4.32, 13.59, 22, 2, 230
2018, 10, 01, -4.43, 13.54, 22, 2, 230
2018, 10, 02, -4.48, 13.50, 23, 1, 220
2018, 10, 03, -4.55, 13.44, 21, 2, 235
2018, 10, 04, -5.06, 13.39, 22, 2, 215
2018, 10, 05, -5.17, 13.36, 23, 2, 225
2018, 10, 06, -5.17, 13.26, 22, 2, 180
2018, 10, 08, -5.17, 13.26, 23, 2, 230
2018, 10, 15, -5.17, 13.26, 23, 2, 210
2018, 10, 22, -5.17, 13.26, 25, 1, 270
2018, 10, 29, -5.17, 13.26, 24, 2, 185
2018, 11, 05, -5.17, 13.26, 24, 2, 215
2018, 11, 12, -5.17, 13.26, 24, 2, 200
2018, 11, 19, -5.17, 13.26, 24, 2, 250
2018, 11, 26, -5.17, 13.26, 25, 2, 195
2018, 12, 03, -5.17, 13.26, 24, 1, 170
2018, 12, 10, -5.17, 13.26, 24, 2, 180
2018, 12, 17, -5.17, 13.26, 23, 0, 0
2018, 12, 24, -5.17, 13.26, 25, 2, 210
2018, 12, 31, -5.17, 13.26, 24, 1, 30 